feature,gain
leaf_Otu0000011,7.9079461097717285
leaf_Otu0000016,4.674792766571045
root_Otu0000011,1.2097231149673462
Iron,1.1382331848144531
root_Otu0000016,1.0697284936904907
