feature,gain
leaf_Otu0000052,1.3407220840454102
leaf_Otu0000036,1.1612759828567505
Phosphore,1.0507872104644775
leaf_Otu0000003,1.0046597719192505
