feature,gain
leaf_Otu0000028,3.510404586791992
leaf_Otu0000006,3.0424816608428955
leaf_Otu0000005,2.4089908599853516
