feature,gain
leaf_Otu0000009,8.448221206665039
leaf_Otu0000006,7.142730712890625
leaf_Otu0000005,5.84451150894165
leaf_Otu0000058,5.477673053741455
latitude,1.1793527603149414
