feature,gain
leaf_Otu0000016,23.834814071655273
leaf_Otu0000011,17.025636672973633
leaf_Otu0000063,8.697521209716797
CN,1.627889633178711
Aluminium,1.4420061111450195
