feature,gain
pH,5.010013103485107
leaf_Otu0000116,4.587027549743652
leaf_Otu0000096,1.6666308641433716
CN,1.3904417753219604
root_Otu0000064,1.383042812347412
longitude,1.1501352787017822
