feature,gain
root_Otu0000163,3.6441690921783447
root_Otu0000122,3.116584539413452
root_Otu0000114,1.3425557613372803
plant_OTU18,1.2819775342941284
plant_OTU198,1.2104461193084717
root_Otu0000007,1.1597669124603271
Sodium,1.0215338468551636
leaf_Otu0000012,1.0068727731704712
