feature,gain
root_Otu0000006,5.101681232452393
root_Otu0000005,4.870428085327148
leaf_Otu0000005,3.8356075286865234
leaf_Otu0000009,1.8628649711608887
